molecule_chembl_id,canonical_smiles,standard_value
CHEMBL368648,COC(=O)c1ccc(-c2nc(O)c3c4c(sc3n2)CCCC4)cc1,20000.0
CHEMBL178663,Oc1nc(-c2ccc(-c3ccccc3)cc2)nc2sc3c(c12)CCCC3,20000.0
CHEMBL179730,COc1cc(-c2nc(O)c3c4c(sc3n2)CCCC4)cc(OC)c1OC,2300.0
CHEMBL179692,Cc1ccc(-c2nc(O)c3c4c(sc3n2)CCCC4)cc1,20000.0
CHEMBL179110,COc1ccc(-c2nc(O)c3c4c(sc3n2)CCC4)cc1,2400.0
CHEMBL361956,COc1cc(OC)cc(-c2nc(O)c3c4c(sc3n2)CCCC4)c1,20000.0
CHEMBL179581,COc1ccc(-c2nc(O)c3c4c(sc3n2)CCCC4)cc1OC,20000.0
CHEMBL178310,COc1ccc(-c2nc(O)c3c4c(sc3n2)CCCC4)cc1,2400.0
CHEMBL179178,CCOc1ccc(-c2nc(O)c3c4c(sc3n2)CCCC4)cc1,8400.0
CHEMBL368233,O=C(c1cccs1)c1cnn2c(-c3cccc(NC(=O)C4CC4)c3)ccnc12,400.0
CHEMBL360687,Oc1nc(-c2ccc(Cl)cc2)nc2sc3c(c12)CCCC3,20000.0
CHEMBL360323,COc1cc(-c2nc(O)c3ccsc3n2)cc(OC)c1OC,20000.0
CHEMBL178149,CCN(CC)c1ccc(-c2nc(O)c3c4c(sc3n2)CCCC4)cc1,20000.0
CHEMBL425866,COc1cc(-c2nc(O)c3c4c(sc3n2)CCC4)cc(OC)c1OC,3500.0
CHEMBL359861,COc1ccc(-c2nc(O)c3sccc3n2)cc1,20000.0
CHEMBL180572,COc1cc(-c2nc(O)c3sccc3n2)cc(OC)c1OC,20000.0
CHEMBL178907,O=[N+]([O-])c1ccc(-c2nc(O)c3c4c(sc3n2)CCCC4)cc1,20000.0
CHEMBL179694,COc1ccc(-c2nc(O)c3c4c(sc3n2)CCCC4)c(F)c1,680.0
CHEMBL359939,CC(C)Oc1ccc(-c2nc(O)c3c4c(sc3n2)CCCC4)cc1,20000.0
CHEMBL179113,CCCCOc1ccc(-c2nc(O)c3c4c(sc3n2)CCCC4)cc1,20000.0
CHEMBL179187,COc1cc(-c2cc(Cl)c3c4c(sc3n2)CCCC4)cc(OC)c1OC,20000.0
CHEMBL179920,Oc1nc(-c2ccc(Oc3ccccc3)cc2)nc2sc3c(c12)CCCC3,20000.0
CHEMBL179155,COc1cc(-c2cc(OC)c3c4c(sc3n2)CCCC4)cc(OC)c1OC,20000.0
CHEMBL178807,COc1cc(-c2nc(O)c3c4c(sc3n2)CCCCC4)cc(OC)c1OC,750.0
CHEMBL179087,COc1cc(-c2cc(N(C)C)c3c4c(sc3n2)CCCC4)cc(OC)c1OC,20000.0
CHEMBL178995,COc1cc(-c2cc(Nc3ccccc3)c3c4c(sc3n2)CCCC4)cc(OC)c1OC,20000.0
CHEMBL179916,CSc1ccc(-c2nc(O)c3c4c(sc3n2)CCCC4)cc1,4100.0
CHEMBL538355,COc1cc(-c2cc(-c3cccs3)c3c4c(sc3n2)CCCC4)cc(OC)c1OC,20000.0
CHEMBL4226806,N#Cc1ccc2ncnc(NCCc3ccccc3)c2c1,640.0
CHEMBL120077,COc1cc2c(cc1OC)-c1n[nH]c(Nc3cccc(F)c3)c1C2,56700.0
CHEMBL210540,Cc1cc(-c2cnc(Nc3cnc(CN4CCN(C)CC4)cn3)s2)nc(OC2CCCCC2)n1,530.0
CHEMBL427045,Cc1cc(-c2cnc(Nc3ccccn3)s2)nc(OC2CCCCC2)n1,10000.0
CHEMBL212049,Cc1cnc(OC2CCCCC2)nc1-c1cnc(Nc2ccccn2)s1,190.0
CHEMBL424696,c1ccc(Nc2ncc(-c3ccnc(OC4CCCCC4)n3)s2)nc1,20.0
CHEMBL214329,CN1CCN(c2ccc(Nc3ncc4ccn(C5CCCCC5)c4n3)cc2)CC1,1500.0
CHEMBL374413,N#Cc1ccc2c(-c3cc4cc(CN5CCOCC5)ccc4[nH]3)n[nH]c2c1,11.0
CHEMBL220688,CC(=O)N1CCN(Cc2ccc3[nH]c(-c4n[nH]c5cc(C#N)ccc45)cc3c2)CC1,39.0
CHEMBL221633,COC(=O)c1ccc2c(-c3cc4cc(CN5CCOCC5)ccc4[nH]3)n[nH]c2c1,6500.0
CHEMBL374424,COc1cc(-c2ccc3c(-c4cc5cc(CN6CCCCC6)ccc5[nH]4)n[nH]c3c2)ccc1O,310.0
CHEMBL219789,NCc1nn[nH]c1-c1ccc2c(-c3cc4cc(CN5CCC(F)CC5)ccc4[nH]3)n[nH]c2c1,300.0
CHEMBL219788,OCc1nn[nH]c1-c1ccc2c(-c3cc4cc(CN5CCC(F)CC5)ccc4[nH]3)n[nH]c2c1,180.0
CHEMBL374713,OCc1n[nH]nc1-c1ccc2c(-c3cc4cc(CN5CCCCC5)ccc4[nH]3)n[nH]c2c1,56.0
CHEMBL223595,c1ccc(-c2ccc3c(-c4cc5cc(CN6CCCCC6)ccc5[nH]4)n[nH]c3c2)cc1,7000.0
CHEMBL425290,c1cnn(-c2ccc3c(-c4cc5cc(CN6CCCCC6)ccc5[nH]4)n[nH]c3c2)n1,480.0
CHEMBL220258,c1cnn(-c2ccc3c(-c4cc5cc(CN6CCCCC6)ccc5[nH]4)n[nH]c3c2)c1,2300.0
CHEMBL220947,Cc1cnnn1-c1ccc2c(-c3cc4cc(CN5CCCCC5)ccc4[nH]3)n[nH]c2c1,420.0
CHEMBL220946,c1cn(-c2ccc3c(-c4cc5cc(CN6CCCCC6)ccc5[nH]4)n[nH]c3c2)nn1,57.0
CHEMBL387377,c1csc(-c2ccc3c(-c4cc5cc(CN6CCCCC6)ccc5[nH]4)n[nH]c3c2)n1,4000.0
CHEMBL415055,c1cc2[nH]c(-c3n[nH]c4cc(-c5cnsc5)ccc34)cc2cc1CN1CCCCC1,18.0
CHEMBL221479,c1cc(-c2ccc3c(-c4cc5cc(CN6CCOCC6)ccc5[nH]4)n[nH]c3c2)[nH]n1,34.0
CHEMBL221428,c1cc2[nH]c(-c3n[nH]c4cc(-c5cn[nH]c5)ccc34)cc2cc1CN1CCOCC1,25.0
CHEMBL374940,CN(C)C(=O)c1ccc2c(-c3cc4cc(CN5CCOCC5)ccc4[nH]3)n[nH]c2c1,100000.0
CHEMBL375981,CNC(=O)c1ccc2c(-c3cc4cc(CN5CCOCC5)ccc4[nH]3)n[nH]c2c1,4900.0
CHEMBL221427,NC(=O)c1ccc2c(-c3cc4cc(CN5CCOCC5)ccc4[nH]3)n[nH]c2c1,1300.0
CHEMBL514554,CS(=O)(=O)c1cccc(CNc2nc(Nc3ccc4c(c3)CCC(=O)N4)ncc2C(F)(F)F)c1,197.0
CHEMBL601719,C[C@@H](Oc1cc(-c2cnn(C3CCNCC3)c2)cnc1N)c1c(Cl)ccc(F)c1Cl,10000.0
CHEMBL1094408,COc1ccc(N2CCN(C)CC2)cc1Nc1ncc2c(n1)-c1c(c(C(N)=O)nn1C)CC2,10000.0
CHEMBL428690,CN1CC[C@H](c2c(O)cc(O)c3c(=O)cc(-c4ccccc4Cl)oc23)[C@H](O)C1,875.0
CHEMBL225519,O=C1NCCc2[nH]c(-c3ccncc3)cc21,10000.0
CHEMBL1922219,CC[C@H](Nc1nc(NCc2cccnc2)c2ncn(C(C)C)c2n1)[C@@H](C)O,1300.0
CHEMBL2011328,O=C(CN1CCN(c2ccnc(Nc3ncc(-c4cccnc4)s3)c2)CC1)N1CCOCC1,1760.0
CHEMBL2013059,Cc1ccc(-c2cnc(Nc3cccc(NCCCN)n3)s2)cn1,870.0
CHEMBL2013060,c1ccc(-c2cnc(Nc3cccc(N4CCNCC4)n3)s2)cc1,26.0
CHEMBL2013061,Cc1ccc(-c2cnc(Nc3cccc(N4CCNCC4)n3)s2)cn1,1000.0
CHEMBL2011330,Cc1ccc(-c2cnc(Nc3cc(N4CCNCC4)ccn3)s2)cn1,20000.0
CHEMBL2013062,c1ncc(-c2cnc(Nc3cc(N4CCNCC4)ccn3)s2)cn1,11000.0
CHEMBL2013063,c1cc(Nc2ncc(-c3cncnc3)s2)nc(N2CCNCC2)c1,410.0
CHEMBL2013064,Brc1cncc(-c2cnc(Nc3cc(N4CCNCC4)ccn3)s2)c1,480.0
CHEMBL2011349,c1cc(N2CCNCC2)cc(Nc2ncc(-c3cncc(-c4cn[nH]c4)c3)s2)n1,260.0
CHEMBL2011344,c1cncc(-c2cncc(-c3cnc(Nc4cc(N5CCOCC5)ccn4)s3)c2)c1,10000.0
CHEMBL2011346,c1ncc(-c2cncc(-c3cnc(Nc4cc(N5CCOCC5)ccn4)s3)c2)cn1,10000.0
CHEMBL2013065,c1cn(-c2cncc(-c3cnc(Nc4cc(N5CCOCC5)ccn4)s3)c2)nn1,10000.0
CHEMBL2013066,Cn1cc(-c2cncc(-c3cnc(Nc4cc(N5CCNCC5)ccn4)s3)c2)cn1,2000.0
CHEMBL2013067,c1cncc(-c2cncc(-c3cnc(Nc4cc(N5CCNCC5)ccn4)s3)c2)c1,10000.0
CHEMBL2013068,O=C(O)c1cncc(-c2cnc(Nc3cc(N4CCNCC4)ccn3)s2)c1,10000.0
CHEMBL2013069,NC(=O)c1cncc(-c2cnc(Nc3cc(N4CCOCC4)ccn3)s2)c1,3700.0
CHEMBL2013158,Cc1ccc(NC(=O)c2cncc(-c3cnc(Nc4cc(N5CCOCC5)ccn4)s3)c2)s1,10000.0
CHEMBL2013159,CNC(=O)c1cncc(-c2cnc(Nc3cc(N4CCOCC4)ccn3)s2)c1,10000.0
CHEMBL2010809,NCCNC(=O)c1cncc(-c2cnc(Nc3cc(N4CCOCC4)ccn3)s2)c1,340.0
CHEMBL2011352,CS(=O)(=O)N1CCN(c2ccnc(Nc3ncc(-c4cncc(C(=O)NCCN)c4)s3)c2)CC1,170.0
CHEMBL2011353,CC(=O)N1CCN(c2ccnc(Nc3ncc(-c4cncc(C(=O)NCCN)c4)s3)c2)CC1,210.0
CHEMBL2013160,NCCNC(=O)c1cncc(-c2cnc(Nc3cc(Cl)ccn3)s2)c1,940.0
CHEMBL2013161,NCCNC(=O)c1cncc(-c2cnc(Nc3ncccc3Cl)s2)c1,960.0
CHEMBL2013162,Cc1cccnc1Nc1ncc(-c2cncc(C(=O)NCCN)c2)s1,910.0
CHEMBL2013163,NCCNC(=O)c1cccc(-c2cnc(Nc3cc(N4CCC(F)(F)CC4)ccn3)s2)c1,160.0
CHEMBL2013164,NCCCCc1cncc(-c2cnc(Nc3cc(N4CCOCC4)ccn3)s2)c1,10000.0
CHEMBL2013165,NCCNC(=O)c1cncc(-c2cnc(Nc3ccccc3Cl)s2)c1,10000.0
CHEMBL2013166,O=C(NCCO)c1cncc(-c2cnc(Nc3cc(N4CCOCC4)ccn3)s2)c1,10000.0
CHEMBL2013167,O=C(NCC(F)(F)F)c1cncc(-c2cnc(Nc3cc(N4CCOCC4)ccn3)s2)c1,705.0
CHEMBL2013168,CS(=O)(=O)N1CCN(c2ccnc(Nc3ncc(-c4cncc(C(=O)NCC(F)(F)F)c4)s3)c2)CC1,2100.0
CHEMBL2013169,NCNC(=O)c1cncc(-c2cnc(Nc3cc(N4CCC(F)CC4)ccn3)s2)c1,350.0
CHEMBL2013170,NCNC(=O)c1cncc(-c2cnc(Nc3cc(N4CCC(F)(F)CC4)ccn3)s2)c1,317.0
CHEMBL1171238,O=C(CBr)N(c1ccccc1)S(=O)(=O)c1cc(Cl)sc1Cl,20000.0
CHEMBL2205766,CC(C)(C)NS(=O)(=O)c1cncc(-c2ccn3nc(N)nc3c2)c1,10000.0
CHEMBL2426395,COc1ccc(NC(=S)NC(=O)c2cn(-c3ccccc3)nc2-c2ccc(OC)cc2)cc1,1423.0
CHEMBL2426391,COc1ccc(NC(=S)NC(=O)c2cn(-c3ccccc3)nc2-c2ccc(F)cc2)cc1,1642.0
CHEMBL2426387,COc1ccc(NC(=S)NC(=O)c2cn(-c3ccccc3)nc2-c2ccc(Cl)cc2)cc1,1645.0
CHEMBL2426383,COc1ccc(NC(=S)NC(=O)c2cn(-c3ccccc3)nc2-c2ccc(C)cc2)cc1,1788.0
CHEMBL2426399,COc1ccc(NC(=S)NC(=O)c2cn(-c3ccccc3)nc2-c2ccccc2)cc1,1876.0
CHEMBL3426225,CCn1nc(C#Cc2cc(C(=O)Nc3ccc(CN4CCN(C)CC4)c(C(F)(F)F)c3)ccc2C)c2c(N)ncnc21,10000.0
CHEMBL3603847,CN(C)C/C=C/C(=O)Nc1ccc(C(=O)Nc2cccc(Nc3ncc(Cl)c(-c4c[nH]c5ccccc45)n3)c2)cc1,3.2
CHEMBL393525,Cc1ccc([N+](=O)[O-])cc1S(=O)(=O)N(C)/N=C/c1cnc2ccc(Br)cn12,
CHEMBL3612482,Cc1ccc([N+](=O)[O-])cc1S(=O)(=O)N(C)/N=C/c1cnn2ccc(Cl)nc12,841.0
CHEMBL3612483,CN(/N=C/c1cnn2ccc(Cl)nc12)S(=O)(=O)c1ccccc1,10000.0
CHEMBL3612484,Cc1ccccc1S(=O)(=O)N(C)/N=C/c1cnn2ccc(Cl)nc12,10000.0
CHEMBL3612485,CN(/N=C/c1cnn2ccc(Cl)nc12)S(=O)(=O)c1cccc([N+](=O)[O-])c1,9244.0
CHEMBL3612486,Cc1cccc(S(=O)(=O)N(C)/N=C/c2cnn3ccc(Cl)nc23)c1,10000.0
CHEMBL3612487,COc1cccc(S(=O)(=O)N(C)/N=C/c2cnn3ccc(Cl)nc23)c1,10000.0
CHEMBL3612488,CN(/N=C/c1cnn2ccc(Cl)nc12)S(=O)(=O)c1cccc(OC(F)(F)F)c1,10000.0
CHEMBL3612489,CN(/N=C/c1cnn2ccc(Cl)nc12)S(=O)(=O)c1cccc(C#N)c1,10000.0
CHEMBL3612490,CN(/N=C/c1cnn2ccc(Cl)nc12)S(=O)(=O)c1cccc(F)c1,
CHEMBL3612491,CN(/N=C/c1cnn2ccc(Cl)nc12)S(=O)(=O)c1ccc([N+](=O)[O-])cc1,10000.0
CHEMBL3612492,CN(/N=C/c1cnn2ccc(Cl)nc12)S(=O)(=O)c1ccc(F)cc1,10000.0
CHEMBL3612493,CN(/N=C/c1cnn2ccc(Cl)nc12)S(=O)(=O)c1ccc(F)c(F)c1,
CHEMBL3612494,CN(/N=C/c1cnn2ccc(Cl)nc12)S(=O)(=O)c1cccnc1,10000.0
CHEMBL3612495,CN(/N=C/c1cnn2ccc(Cl)nc12)S(=O)(=O)c1ccc[n+]([O-])c1,10000.0
CHEMBL3612496,Cc1ccc(Br)cc1S(=O)(=O)N(C)/N=C/c1cnn2ccc(Cl)nc12,10000.0
CHEMBL3612497,Cc1ccc(C(=O)O)cc1S(=O)(=O)N(C)/N=C/c1cnn2ccc(Cl)nc12,10000.0
CHEMBL3612072,Cc1ccc(C(N)=O)cc1S(=O)(=O)N(C)/N=C/c1cnn2ccc(Cl)nc12,
CHEMBL3612498,Cc1ccc(C#N)cc1S(=O)(=O)N(C)/N=C/c1cnn2ccc(Cl)nc12,3590.0
CHEMBL3612499,Cc1ccc(F)cc1S(=O)(=O)N(C)/N=C/c1cnn2ccc(Cl)nc12,
CHEMBL3612500,Cc1ccc(S(C)(=O)=O)cc1S(=O)(=O)N(C)/N=C/c1cnn2ccc(Cl)nc12,
CHEMBL3612501,CN(/N=C/c1cnn2ccc(Cl)nc12)S(=O)(=O)c1cc([N+](=O)[O-])ccc1Cl,
CHEMBL3612502,COc1ccc([N+](=O)[O-])cc1S(=O)(=O)N(C)/N=C/c1cnn2ccc(Cl)nc12,
CHEMBL3612503,Cc1ccn2ncc(/C=N/N(C)S(=O)(=O)c3cc([N+](=O)[O-])ccc3C)c2n1,8750.0
CHEMBL3612504,COc1ccc(-c2ccn3ncc(/C=N/N(C)S(=O)(=O)c4cc([N+](=O)[O-])ccc4C)c3n2)cc1OC,10000.0
CHEMBL3612505,Cc1ccc([N+](=O)[O-])cc1S(=O)(=O)N(C)/N=C/c1cnn2ccc(-c3cccnc3)nc12,10000.0
CHEMBL3612506,COc1ccc(-c2ccn3ncc(/C=N/N(C)S(=O)(=O)c4cc([N+](=O)[O-])ccc4C)c3n2)cn1,10000.0
CHEMBL3612507,Cc1ccc([N+](=O)[O-])cc1S(=O)(=O)N(C)/N=C/c1cnn2ccc(C#N)nc12,1811.0
CHEMBL3612508,COc1ccn2ncc(/C=N/N(C)S(=O)(=O)c3cc([N+](=O)[O-])ccc3C)c2n1,
CHEMBL3612509,Cc1ccc([N+](=O)[O-])cc1S(=O)(=O)N(C)/N=C/c1cnn2ccc(N(C)C)nc12,
CHEMBL3612510,Cc1ccc([N+](=O)[O-])cc1S(=O)(=O)N(C)/N=C/c1cnn2ccc(N3CCOCC3)nc12,
CHEMBL3612511,Cc1ccc([N+](=O)[O-])cc1S(=O)(=O)NCCc1cnn2ccc(Cl)nc12,
CHEMBL3612512,Cc1ccc([N+](=O)[O-])cc1S(=O)(=O)N(C)CCc1cnn2ccc(Cl)nc12,
CHEMBL3612513,Cc1ccc(C#N)cc1S(=O)(=O)N(C)CCc1cnn2ccc(Cl)nc12,10000.0
CHEMBL3612514,Cc1ccc([N+](=O)[O-])cc1S(=O)(=O)n1cc(-c2cnn3ccc(Cl)nc23)cn1,1680.0
CHEMBL3612515,Cc1ccc([N+](=O)[O-])cc1S(=O)(=O)n1ccc(-c2cnn3ccc(Cl)nc23)n1,
CHEMBL3612622,Cc1ccc([N+](=O)[O-])cc1S(=O)(=O)n1ccc(-c2cnn3ccc(Cl)nc23)c1,
CHEMBL3623375,CN(C)CCCNC(=O)c1csc2nc(-c3ccc(NC(=O)Nc4cc(C(C)(C)C)on4)cc3)cn12,10000.0
CHEMBL1922211,CC[C@H](Nc1nc(NCc2cccnc2)c2ncn(C(C)C)c2n1)C(O)C(C)(C)C,3500.0
CHEMBL1922210,CC[C@H](Nc1nc(NCc2cccnc2)c2ncn(C(C)C)c2n1)C(O)C(C)C,3500.0
CHEMBL1922218,CC[C@@H](Nc1nc(NCc2cccnc2)c2ncn(C(C)C)c2n1)[C@H](C)O,500.0
CHEMBL1922123,CC[C@@H](Nc1nc(NCc2cccnc2)c2ncn(C(C)C)c2n1)C(C)(C)O,3100.0
CHEMBL1922212,CC[C@H](Nc1nc(NCc2cccnc2)c2ncn(C(C)C)c2n1)C(C)(C)O,2500.0
CHEMBL1922120,CCC(O)[C@@H](CC)Nc1nc(NCc2cccnc2)c2ncn(C(C)C)c2n1,1100.0
CHEMBL1922121,CC[C@@H](Nc1nc(NCc2cccnc2)c2ncn(C(C)C)c2n1)C(O)C(C)C,2200.0
CHEMBL1922209,CCC(O)[C@H](CC)Nc1nc(NCc2cccnc2)c2ncn(C(C)C)c2n1,1500.0
CHEMBL3673435,COc1cc(F)ccc1-c1ccnc(NC(=O)C2CCC(NC(C)=O)C2)c1,5000.0
CHEMBL1922122,CC[C@@H](Nc1nc(NCc2cccnc2)c2ncn(C(C)C)c2n1)C(O)C(C)(C)C,1600.0
CHEMBL3673434,COc1cc(F)ccc1-c1ccnc(NC(=O)[C@H]2CCC[C@@H](NC(C)=O)C2)c1,5000.0
CHEMBL189963,CC(=O)c1c(C)c2cnc(Nc3ccc(N4CCNCC4)cn3)nc2n(C2CCCC2)c1=O,10000.0
CHEMBL1801932,CC(C)c1cnn2c(NCc3ccccc3)cc(NCCCCCCN)nc12,134.0
CHEMBL3774632,CC(O)CNc1nc(NCc2ccc(-c3ccccn3)cc2)c2[nH]nc(C(C)C)c2n1,2780.0
CHEMBL3823659,CC(=O)N1CCC(n2cc(Nc3ncc(Cl)c(-c4cnc5ccccn45)n3)cn2)CC1,21.0
CHEMBL3823030,Cc1nn(C2CCN(C(=O)[C@@H](C)O)CC2)c(C)c1Nc1ncc(Cl)c(-c2cnn3ccccc23)n1,300.0
CHEMBL2006765,CCCNC(=O)c1ccc(Nc2nc(NCC(F)(F)F)c3cc[nH]c3n2)cc1,2730.0
CHEMBL4078893,FC(F)(F)CNc1nc(Nc2ccc(N3CCOCC3)c(Cl)c2)nc2ccoc12,10000.0
CHEMBL4066664,FC(F)(F)CNc1nc(Nc2ccc3cn[nH]c3c2)nc2ccoc12,10000.0
CHEMBL4069365,CC1(C)OCC(=O)Nc2cc(Nc3nc(NCC(F)(F)F)c4occc4n3)ccc21,10000.0
CHEMBL4062803,Cc1n[nH]c2cc(Nc3nc(NC4CC4)c4occc4n3)ccc12,10000.0
CHEMBL4294760,CSc1ncc2c(n1)CCc1cnc(Nc3ccc(C(=O)N(C)CCN(C)C)cc3)nc1-2,3600.0
CHEMBL4582624,COC(=O)N1CCN([C@H]2CC[C@H](Nc3nc(Nc4cnn(C)c4)nc4ccc(CC#N)nc34)CC2)CC1,17000.0
CHEMBL4455718,COC(=O)N1CCN([C@H]2CC[C@H](Nc3ncnc4ccc(C#N)cc34)CC2)CC1,3100.0
CHEMBL4579344,Cc1cc(C)c(CNc2nc(N[C@@H](C)[C@@H](C)O)nc3c2ncn3C(C)C)cn1,193.0
CHEMBL14762,CC[C@H](CO)Nc1nc(NCc2ccccc2)c2ncn(C(C)C)c2n1,800.0
CHEMBL3301610,CCN1CCN(Cc2ccc(Nc3ncc(F)c(-c4cc(F)c5nc(C)n(C(C)C)c5c4)n3)nc2)CC1,300.0
CHEMBL296468,CC(C)(C)c1cnc(CSc2cnc(NC(=O)C3CCNCC3)s2)o1,62.0
CHEMBL4297488,CC(C)c1cnn2c(NCc3ccccc3)cc(NC[C@H]3CCNC[C@@H]3O)nc12,925.0
CHEMBL4454044,CC(C)c1cnn2c(NCc3ccccc3N(C)C)nc(OC3CCN(C)CC3)nc12,5.0
CHEMBL4562323,CC(C)c1cnn2c(NCc3ccccc3-n3cccn3)nc(OC3CCCNC3)nc12,0.13
CHEMBL4552441,CC(C)c1cnn2c(NCc3cccc4[nH]ncc34)nc(OC3CCCNC3)nc12,5.0
CHEMBL4440386,CC(C)c1cnn2c(NCc3cccc4c3cnn4C)nc(OC3CCCNC3)nc12,5.0
CHEMBL4555799,Clc1cnc(N[C@H]2CCCNC2)nc1-c1c[nH]c2ccccc12,20.0
CHEMBL4533453,Clc1cnc(N[C@@H]2CCCNC2)nc1-c1c[nH]c2ccccc12,20.0
CHEMBL4474655,FC(F)(F)c1cnc(N[C@H]2CCCNC2)nc1-c1n[nH]c2ccccc12,20.0
CHEMBL4465061,Clc1cnc(NC2CCCCC2)nc1-c1c[nH]c2cccnc12,20.0
CHEMBL4303287,CN(C)C/C=C/C(=O)Nc1cccc(C(=O)Nc2cccc(Nc3ncc(Cl)c(-c4c[nH]c5ccccc45)n3)c2)c1,27.0
CHEMBL4303279,CN(C)CCCC(=O)Nc1ccc(C(=O)Nc2cccc(Nc3ncc(Cl)c(-c4c[nH]c5ccccc45)n3)c2)cc1,194.0
CHEMBL4468921,CN(C)C/C=C/C(=O)Nc1ccc(C(=O)N[C@H]2CCC[C@@](C)(Nc3ncc(Cl)c(-c4c[nH]c5ccccc45)n3)C2)nc1,200.0
CHEMBL4434871,C=CC(=O)Nc1ccc(C(=O)Nc2cccc(Nc3n[nH]c4c3CN(C(=O)N[C@H](CN(C)C)c3ccccc3)C4(C)C)c2)cc1,20.0
CHEMBL4467048,C=CC(=O)Nc1ccc(C(=O)Nc2ccc(Nc3n[nH]c4c3CN(C(=O)N[C@H](CN(C)C)c3ccccc3)C4(C)C)cc2)cc1,100.0
CHEMBL4450322,C=CC(=O)Nc1ccc(C(=O)Nc2[nH]nc3c2CN(C(=O)N[C@H](CN(C)C)c2ccccc2)C3(C)C)cc1,100.0
CHEMBL1234833,CC(C)c1cnn2c(NCc3ccccc3)cc(N[C@@H](CO)[C@H](O)CO)nc12,250.0
CHEMBL4569508,O=C(NCC(F)(F)F)c1cc(-c2cnn3cc(-c4ccc(OCCN5CCCCC5)cc4)cnc23)cs1,30.0
CHEMBL4550702,Cn1cc(-c2cnc3c(-c4csc(C(=O)NCC(F)(F)F)c4)cnn3c2)cn1,53.0
CHEMBL4568087,Cn1cc(-c2cnc3c(-c4csc(C(=O)N[C@@H]5CCCC[C@@H]5N)c4)cnn3c2)cn1,4.1
CHEMBL4552628,Cc1sc(C(=O)N[C@@H]2[C@H](N)CCCC2(F)F)cc1-c1cnn2cc(Cl)cnc12,10.0
CHEMBL4636757,CC[C@H](CO)Nc1cc(NCc2ccccc2)n2ncc(C(C)C)c2n1,70.0
CHEMBL4638833,CC(C)c1cnn2c(NCc3ccccc3F)cc(NCCCCCCN)nc12,1000.0
CHEMBL4649721,CC(C)c1cnn2c(NCc3ccccc3)cc(N[C@H](CO)CCCCCCc3cncnc3)nc12,20.0
CHEMBL4637408,CC(C)c1cnn2c(NCc3ccccc3)cc(N[C@H]3CNC[C@H]3O)nc12,27.0
CHEMBL4519886,CC(C)c1cnn2c(NCc3ccccc3)cc(NCC3CCNCC3)nc12,310.0
CHEMBL4472515,CC(C)c1cnn2c(NCc3ccccc3)cc(NC[C@H]3CCCC[C@@H]3O)nc12,687.0
CHEMBL4637421,CC(C)c1cnn2c(NCc3ccccc3)cc(NCCCCCCCN)nc12,654.0
CHEMBL4639779,CC(C)c1cnn2c(NCc3ccccc3F)cc(NCCCCCCCN)nc12,27.0
CHEMBL4646646,CC(C)c1cnn2c(NCc3ccccc3)cc(N[C@@H](CO)CCCCCN)nc12,320.0
CHEMBL4633156,CC(C)c1cnn2c(NCc3ccccc3F)cc(N[C@@H](CO)CCCCCN)nc12,60.0
CHEMBL4635439,CC(C)c1cnn2c(NCc3ccccc3)cc(NC[C@@H]3C[C@@H](O)CN3)nc12,59.0
CHEMBL4632793,CO[C@H]1CN[C@H](CNc2cc(NCc3ccccc3)n3ncc(C(C)C)c3n2)C1,1000.0
CHEMBL4646538,CC(C)c1cnn2c(NCc3ccccc3)cc(N[C@@H]3CCNC[C@H]3O)nc12,1000.0
CHEMBL4643708,CC(C)c1cnn2c(NCc3ccccc3)cc(N[C@]3(O)CCNC[C@H]3O)nc12,18.0
CHEMBL4644434,CC(C)c1cnn2c(NCc3ccccc3)cc(N[C@@H](CO)[C@@H](O)CO)nc12,250.0
CHEMBL4648392,C=CC(=O)Nc1ccc(C(=O)Nc2cc3cc(c2)Nc2nccc(n2)-c2cccc(c2)OCC/C=C/CN(C)C3)cc1,15.0
CHEMBL4635959,Cc1cc(NC2CCN(C(=O)O[C@H]3CCN(C(=O)/C=C/CN(C)C)C3)CC2)n2ncc(C(C)C)c2n1,148.0
CHEMBL4644572,CC(C)c1cnn2c(NCc3ccccc3-n3cccn3)nc(O[C@H]3CCCNC3)nc12,5.0
CHEMBL4163879,CN(C)C/C=C/C(=O)Nc1ccc(C(=O)N2CCC[C@@H](Nc3ncc(Cl)c(-c4c[nH]c5ccccc45)n3)C2)cc1,158.0
CHEMBL4649135,CCn1cnc2c(NCc3nc4ccc(F)c(F)c4[nH]3)nc(N3CCCC[C@H]3CCO)nc21,28000.0
CHEMBL4648857,CN(C)C/C=C/C(=O)Nc1ccc(C(=O)N2CCC[C@H](Nc3ncc(Cl)c(-c4c[nH]c5ccccc45)n3)C2)cc1,8500.0
CHEMBL319467,NS(=O)(=O)c1ccc(Nc2nc(OCC3CCCCC3)c3nc[nH]c3n2)cc1,4400.0
CHEMBL4747992,NC(=O)c1sc(-c2ccnc(NC(=O)C3CC3)c2)nc1OCCCC1CCN(Cc2ccc(F)cc2)CC1,300.0
CHEMBL4094562,C#Cc1nc(Nc2ccccc2)nc2[nH]cnc12,76700.0
CHEMBL4074015,C#Cc1nc(Nc2ccc(S(N)(=O)=O)cc2)nc2[nH]cnc12,36100.0
CHEMBL4741442,C[C@H](CO)Nc1nc(Nc2ccc(S(N)(=O)=O)cc2)ncc1Br,85.0
CHEMBL4442620,C[C@@H](O)[C@@H](C)Oc1nc(Nc2ccc(S(=N)(=O)C3CC3)cc2)ncc1C(F)(F)F,25.0
CHEMBL4755256,COc1cc(F)ccc1-c1cc(NC(=O)[C@H]2CCC[C@@H](NC(C)=O)C2)ncc1Cl,5000.0
CHEMBL4764173,CC[C@H](Nc1nc(NCc2ccccc2)c2ncn(C(C)C)c2n1)[C@@H](C)O,193.0
CHEMBL1944698,CN1C/C=C/CCOc2cccc(c2)-c2ccnc(n2)Nc2cccc(c2)C1,37.0
CHEMBL4462530,CC(=O)N[C@@H]1CCC[C@H](C(=O)Nc2cc(-c3cnn4c3CC(C)(C)C4)c(Cl)cn2)C1,1100.0
CHEMBL3668457,COc1ccc(F)cc1-c1ccnc2[nH]c(C3=CCN(CC(O)CO)CC3)cc12,1360.0
CHEMBL4777981,COc1ccc(F)cc1-c1c(F)cnc2[nH]c(C3=CCN([C@H]4CC[C@H](C(=O)O)CC4)CC3)cc12,320.0
CHEMBL4777761,C=CC(=O)Nc1cccc(C(=O)Nc2ncc(N3CCOCC3)s2)c1,10000.0
CHEMBL4790868,C=CC(=O)Nc1cccc(C(=O)Nc2ncc(N3CCN(C)CC3)s2)c1,10000.0
CHEMBL4749580,C=CC(=O)Nc1cccc(C(=O)Nc2ncc(N3CCN(CC)CC3)s2)c1,10000.0
CHEMBL4763994,C=CC(=O)Nc1cccc(C(=O)Nc2ncc(N3CCN(C(=O)OC(C)(C)C)CC3)s2)c1,10000.0
CHEMBL4743840,C=CC(=O)Nc1cccc(C(=O)Nc2ncc(N3CCC(N(C)C)CC3)s2)c1,10000.0
CHEMBL4781539,C=CC(=O)Nc1ccc(C(=O)N2CCCC(Nc3ncc(SCc4ncc(C(C)(C)C)o4)s3)C2)cc1,346.0
CHEMBL4793573,C=CC(=O)NC1CCC(C(=O)N2CCCC(Nc3ncc(SCc4ncc(C(C)(C)C)o4)s3)C2)CC1,5550.0
CHEMBL4776271,C=CC(=O)NC1CCN(C(=O)N2CCCC(Nc3ncc(SCc4ncc(C(C)(C)C)o4)s3)C2)CC1,6170.0
CHEMBL4746993,C=CC(=O)Nc1ccc(C(=O)N2CCCC(Nc3ncc(SCc4ncc(C(C)(C)C)o4)s3)C2)c(OC)c1,10000.0
CHEMBL4788401,C=CC(=O)Nc1ccc(O[C@@H]2CCC[C@@H](Nc3ncc(SCc4ncc(C(C)(C)C)o4)s3)C2)cc1,1280.0
CHEMBL4763202,C=CC(=O)Nc1ccc(C(=O)N2CCCC(Nc3ncc(CNc4cc(C(F)(F)F)c(Cl)cn4)s3)C2)cc1,10000.0
CHEMBL4753350,C=CC(=O)Nc1ccc(C(=O)N2CCCC(Nc3ncc(/C=C/c4ncc(C(C)(C)C)o4)s3)C2)cc1,3400.0
CHEMBL4794338,C=CC(=O)Nc1ccc(C(=O)N2CCCC(Nc3ncc(CCc4ncc(C(C)(C)C)o4)s3)C2)cc1,10000.0
CHEMBL4764719,C=CC(=O)Nc1ccc(C(=O)N2CCCC(Nc3ncc(COCc4ncc(C(C)(C)C)o4)s3)C2)cc1,10000.0
CHEMBL4781334,C=CC(=O)Nc1ccc(C(=O)N2CCCC(Nc3ncc(CNCc4ncc(C(C)(C)C)o4)s3)C2)cc1,8870.0
CHEMBL4756935,C=CC(=O)Nc1ccc(S(=O)(=O)N2CCCC(Nc3ncc(SCc4ncc(C(C)(C)C)o4)s3)C2)cc1,224.0
CHEMBL4786324,C=CC(=O)Nc1ccc([S+]([O-])N2CCCC(Nc3ncc(SCc4cccnc4)s3)C2)cc1,1000.0
CHEMBL4789890,C=CC(=O)Nc1ccc(C(=O)N2CCCC(Nc3ncc(SCc4ccccn4)s3)C2)cc1,2870.0
CHEMBL4789917,C=CC(=O)Nc1ccc(C(=O)N2CCCC(Nc3ncc(SCc4cnc(C(F)(F)F)nc4)s3)C2)cc1,1000.0
CHEMBL4744627,C=CC(=O)N1CCc2cc(S(=O)(=O)N3CCCC(Nc4ncc(SCc5ncc(C(C)(C)C)o5)s4)C3)ccc21,447.0
CHEMBL4752238,C=CC(=O)Nc1ccc(O[C@@H]2CCC[C@@H](Nc3ncc(SCc4ncc(C(C)(C)C)o4)s3)C2)c(C(F)(F)F)c1,498.0
CHEMBL4643754,C=CC(=O)Nc1ccc(C(=O)N2CCC[C@@H](Nc3ncc(SCC4CCOCC4)s3)C2)cc1,1000.0
CHEMBL4797288,C=CC(=O)Nc1ccc(C(=O)N2CCC[C@@H](Nc3ncc(SCc4cncnc4)s3)C2)cc1,1000.0
CHEMBL4758168,CN(C)C/C=C/C(=O)Nc1ccc(C(=O)N2CC[C@@H](Nc3ncc(SCc4ncc(C(C)(C)C)o4)s3)C2)cc1,230.0
CHEMBL4777844,CN(C)C/C=C/C(=O)N1CCC(C(=O)Nc2ncc(SCc3ncc(C(C)(C)C)o3)s2)CC1,132.0
CHEMBL4641226,C=CC(=O)N1CCC(C(=O)Nc2ncc(SCc3ncc(C(C)(C)C)o3)s2)CC1,457.0
CHEMBL4753717,CN(C)CC/C=C/C(=O)Nc1ccc(C(=O)N2CCCC(C(=O)Nc3ncc(SCc4ncc(C(C)(C)C)o4)s3)C2)cc1,82.5
CHEMBL4644893,C=CC(=O)Nc1ccc(C(=O)N2CCCC(C(=O)Nc3ncc(SCc4ncc(C(C)(C)C)o4)s3)C2)cc1,99.0
CHEMBL4643057,C=CC(=O)Nc1cccc(C(=O)Nc2ncc(SCc3ncc(C(C)(C)C)o3)s2)c1,1140.0
CHEMBL4786429,CN(C)C/C=C/C(=O)Nc1cccc(C(=O)Nc2ncc(SCc3ncc(C(C)(C)C)o3)s2)c1,226.0
CHEMBL4756353,CN(C)C/C=C/C(=O)Nc1ccc(C(=O)Nc2ncc(SCc3ncc(C(C)(C)C)o3)s2)cc1,53.6
CHEMBL4797409,C=CC(=O)Nc1cccc(C(=O)N2CCCC(Nc3ncc(SCc4ncc(C(C)(C)C)o4)s3)C2)c1,1080.0
CHEMBL4752989,CN(C)C/C=C/C(=O)Nc1cccc(C(=O)N2CCCC(Nc3ncc(SCc4ncc(C(C)(C)C)o4)s3)C2)c1,556.0
CHEMBL4761637,C=CC(=O)Nc1ccc(C(=O)Nc2cccc(C(=O)Nc3ncc(SCc4ncc(C(C)(C)C)o4)s3)c2)cc1,312.0
CHEMBL4761001,CN(C)C/C=C/C(=O)Nc1ccc(C(=O)N2CCCC(Nc3ncc(SCc4ncc(C(C)(C)C)o4)s3)C2)cc1,5000.0
CHEMBL4744850,CN(C)C/C=C/C(=O)Nc1ccc(S(=O)(=O)N2CCCC(Nc3ncc(SCc4ncc(C(C)(C)C)o4)s3)C2)cc1,158.0
CHEMBL4788136,C=CC(=O)Nc1ccc(C(=O)N2CC[C@@H](Nc3ncc(SCc4ncc(C(C)(C)C)o4)s3)C2)cc1,242.0
CHEMBL4750818,C=CC(=O)Nc1ccc(-c2ccc(C(C)C(=O)Nc3cc(C4CC4)[nH]n3)cc2)cc1,11400.0
CHEMBL4759298,C=CC(=O)NCc1ccc(-c2ccc(C(C)C(=O)Nc3cc(C4CC4)[nH]n3)cn2)cn1,10000.0
CHEMBL4740577,CC(C(=O)Nc1cc(C2CC2)[nH]n1)c1ccc(-c2ccc(NC(=O)/C=C/CN3CCOCC3)nc2)cc1,1700.0
CHEMBL4760738,C=CC(=O)NCc1ccc(-c2ccc([C@H](C)C(=O)Nc3cc(C4CC4)[nH]n3)cc2)cn1,5375.0
CHEMBL4762563,C=CC(=O)NCc1ccc(-c2ccc(C(C)C(=O)Nc3cc(C4CC4)[nH]n3)cc2)cc1,5450.0
CHEMBL4744778,CC(C(=O)Nc1cc(C2CC2)[nH]n1)c1ccc(-c2ccc(NC(=O)/C=C/CN3CCOCC3)cc2)cc1,10000.0
CHEMBL4798265,CC(C(=O)Nc1cc(C2CC2)[nH]n1)c1ccc(-c2ccc(CNC(=O)/C=C/CN3CCOCC3)cc2)cc1,3661.0
CHEMBL4746619,C=CC(=O)NC1(c2ccc(-c3ccc([C@H](C)C(=O)Nc4cc(C5CC5)[nH]n4)cc3)cn2)CC1,5453.0
CHEMBL4792587,C=CC(=O)NC(CC)c1ccc(-c2ccc([C@H](C)C(=O)Nc3cc(C4CC4)[nH]n3)cc2)cn1,
CHEMBL4754339,C=CC(=O)NC(C)c1ccc(-c2ccc([C@H](C)C(=O)Nc3cc(C4CC4)[nH]n3)cc2)cn1,2868.0
CHEMBL4740663,C=CC(=O)NCc1ncc(-c2ccc([C@H](C)C(=O)Nc3cc(C4CC4)[nH]n3)cc2)cc1F,1307.0
CHEMBL4789071,C=CC(=O)NCc1ccc(-c2ccc(C(C)C(=O)Nc3cc(C4CC4)[nH]n3)cc2)nc1,5304.0
CHEMBL4759113,C=CC(=O)NCc1ccc(C(C)C(=O)Nc2cc(C3CC3)[nH]n2)cc1,10000.0
CHEMBL4795410,C=CC(=O)NCc1ccc(C(C)C(=O)Nc2cc(C3CC3)[nH]n2)cn1,
CHEMBL4778214,C=CC(=O)N1CC=C(c2ccc(C(C)C(=O)Nc3cc(C4CC4)[nH]n3)cc2)CC1,3300.0
CHEMBL4777358,C=CC(=O)N1CC=C(c2ccc([C@H](C)C(=O)Nc3cc(C4CC4)[nH]n3)cc2)CC1,2290.0
CHEMBL4799698,C=CC(=O)N1CC=C(c2ccc(C(C(=O)Nc3cc(C4CC4)[nH]n3)C(C)C)cc2)CC1,506.0
CHEMBL4778361,C=CC(=O)N1CC=C(c2ccc(C(C)C(=O)Nc3cc(C4CC4)[nH]n3)cn2)CC1,1710.0
CHEMBL4790458,C=CC(=O)N1CC=C(c2ccc(C(C(=O)Nc3cc(C4CC4)[nH]n3)C(C)C)cn2)CC1,744.0
CHEMBL4779633,C=CC(=O)N1CCC=C(c2ccc(C(C)C(=O)Nc3cc(C4CC4)[nH]n3)cc2)CC1,6585.0
CHEMBL4779066,C=CC(=O)NC1CCC(c2ccc(C(C)C(=O)Nc3cc(C4CC4)n[nH]3)cc2)CC1,5492.0
CHEMBL4800122,C=CC(=O)N1CCC(c2ccc([C@H](C)C(=O)Nc3cc(C4CC4)[nH]n3)cc2)CC1,2830.0
CHEMBL4790705,C=CC(=O)N1CCC(c2ccc(C(C)C(=O)Nc3cc(C4CC4)[nH]n3)cn2)CC1,10000.0
CHEMBL4787409,C[C@H](C(=O)Nc1cc(C2CC2)[nH]n1)c1ccc(C2=CCN(C(=O)/C=C/CN(C)C)CC2)cc1,621.0
CHEMBL4781668,C=CC(=O)N1CCN(c2ccc([C@H](C)C(=O)Nc3cc(C4CC4)[nH]n3)cc2)CC1,7960.0
CHEMBL4781396,C=CC(=O)N1CCN(c2ccc(C(C)C(=O)Nc3cc(C4CC4)[nH]n3)cn2)CC1,2090.0
CHEMBL4781207,C=CC(=O)N1CCC=C(c2ccc(C(C)C(=O)Nc3cc(C4CC4)[nH]n3)cn2)C1,153.0
CHEMBL4778676,C=CC(=O)N1CC=C(c2ccc(C(C)C(=O)Nc3cc(C4CC4)[nH]n3)cn2)C1,1010.0
CHEMBL4780788,C=CC(=O)N1CCCC(c2ccc(C(C)C(=O)Nc3cc(C4CC4)[nH]n3)cn2)C1,3510.0
CHEMBL4783704,C=CC(=O)N1CCC=C(c2ccc(C(C)C(=O)Nc3cc(C4CC4)[nH]n3)cc2F)C1,440.0
CHEMBL4792293,C=CC(=O)N1CC=C(c2ccc(C(C)C(=O)Nc3cc(C4CC4)[nH]n3)cc2F)CC1,880.0
CHEMBL4776295,C=CC(=O)N1CCC(c2ccc(C(C)C(=O)Nc3cc(C4CC4)[nH]n3)cn2)C1,1730.0
CHEMBL4784656,C#CC(=O)N1CC=C(c2ccc(C(C)C(=O)Nc3cc(C4CC4)[nH]n3)cn2)CC1,12.0
CHEMBL4782687,CC#CC(=O)N1CC=C(c2ccc(C(C)C(=O)Nc3cc(C4CC4)[nH]n3)cn2)CC1,1692.0
CHEMBL4794718,CC#CC(=O)N1CCC=C(c2ccc(C(C)C(=O)Nc3cc(C4CC4)[nH]n3)cn2)C1,2190.0
CHEMBL4797074,C=CC(=O)N1CC=C(c2ccc(CC(=O)Nc3cc(C4CC4)[nH]n3)cn2)C1,7790.0
CHEMBL4792974,O=C(Nc1ccc2c(c1)Oc1ncccc1C(=O)N2c1ccncc1)Nc1ccc(Cl)c(C(F)(F)F)c1,10000.0
CHEMBL4855542,Nc1ncc(-c2cccc3ncsc23)cc1-c1ccc2c(c1)CCNC2=O,32900.0
CHEMBL4860979,CN(C1CC1)S(=O)(=O)c1ccc(-c2cnc(N)c(-c3ccc4c(c3)CCNC4=O)c2)c(F)c1,12300.0
CHEMBL4867931,COc1cc(NS(=O)(=O)C2CC2)ccc1-c1cnc(N)c(-c2ccc3c(c2)CCNC3=O)c1,19400.0
CHEMBL4855730,Nc1ncc(-c2ccc(NS(=O)(=O)C3CC3)cc2F)cc1-c1ccc2c(c1)CCNC2=O,17400.0
CHEMBL4868141,Nc1ncc(-c2ccc(NS(=O)(=O)C3CC3)cc2OC2CCCCC2)cc1-c1ccc2c(c1)CCNC2=O,29900.0
CHEMBL4859660,Nc1ncc(-c2cccc([N+](=O)[O-])c2F)cc1-c1ccc2c(c1)CCNC2=O,78200.0
CHEMBL4855785,Cc1n[nH]c2ccc(-c3cncc(NC(CO)c4ccccc4)n3)cc12,1000.0
CHEMBL4856767,Cc1n[nH]c2ccc(-c3cncc(N[C@@H](CO)c4ccccc4)n3)cc12,1000.0
CHEMBL4860265,Cc1n[nH]c2ccc(-c3cncc(N[C@@H](CO)c4ccc(F)cc4)n3)cc12,1000.0
CHEMBL4872952,Cc1n[nH]c2ccc(-c3cncc(N[C@@H](CO)c4cccc(F)c4)n3)cc12,496.4
CHEMBL4863726,Cc1n[nH]c2ccc(-c3cncc(NC4CCCC(O)C4)n3)cc12,322.15
CHEMBL4857229,Cc1n[nH]c2ncc(-c3cc(N[C@@H](CO)c4ccccc4)cnc3Cl)cc12,1000.0
CHEMBL4876497,Cc1n[nH]c2ccc(-c3cc(N[C@@H](CO)c4ccccc4)cnc3Cl)cc12,1000.0
CHEMBL4786559,COC[C@H](C)N[C@H]1CC[C@H](Nc2cc(-c3cccc(NCC4(C#N)CCOCC4)n3)c(Cl)cn2)CC1,1000.0
CHEMBL4088216,CN1C(=O)[C@@H](N2CCc3cn(Cc4ccccc4)nc3C2=O)COc2ccccc21,1000.0
CHEMBL4549667,CN1C(=O)[C@@H](N2CCc3c(nn(Cc4ccccc4)c3Br)C2=O)COc2ccccc21,1000.0
CHEMBL4097778,CN1C(=O)[C@@H](N2CCc3cn(CC4CCS(=O)(=O)CC4)nc3C2=O)COc2ccccc21,1000.0
