,molecule_chembl_id,canonical_smiles,class,pIC50
0,CHEMBL368648,COC(=O)c1ccc(-c2nc(O)c3c4c(sc3n2)CCCC4)cc1,inactive,4.698970004336019
1,CHEMBL178663,Oc1nc(-c2ccc(-c3ccccc3)cc2)nc2sc3c(c12)CCCC3,inactive,4.698970004336019
3,CHEMBL179692,Cc1ccc(-c2nc(O)c3c4c(sc3n2)CCCC4)cc1,inactive,4.698970004336019
5,CHEMBL361956,COc1cc(OC)cc(-c2nc(O)c3c4c(sc3n2)CCCC4)c1,inactive,4.698970004336019
6,CHEMBL179581,COc1ccc(-c2nc(O)c3c4c(sc3n2)CCCC4)cc1OC,inactive,4.698970004336019
9,CHEMBL368233,O=C(c1cccs1)c1cnn2c(-c3cccc(NC(=O)C4CC4)c3)ccnc12,active,6.3979400086720375
10,CHEMBL360687,Oc1nc(-c2ccc(Cl)cc2)nc2sc3c(c12)CCCC3,inactive,4.698970004336019
11,CHEMBL360323,COc1cc(-c2nc(O)c3ccsc3n2)cc(OC)c1OC,inactive,4.698970004336019
12,CHEMBL178149,CCN(CC)c1ccc(-c2nc(O)c3c4c(sc3n2)CCCC4)cc1,inactive,4.698970004336019
14,CHEMBL359861,COc1ccc(-c2nc(O)c3sccc3n2)cc1,inactive,4.698970004336019
15,CHEMBL180572,COc1cc(-c2nc(O)c3sccc3n2)cc(OC)c1OC,inactive,4.698970004336019
16,CHEMBL178907,O=[N+]([O-])c1ccc(-c2nc(O)c3c4c(sc3n2)CCCC4)cc1,inactive,4.698970004336019
17,CHEMBL179694,COc1ccc(-c2nc(O)c3c4c(sc3n2)CCCC4)c(F)c1,active,6.167491087293763
18,CHEMBL359939,CC(C)Oc1ccc(-c2nc(O)c3c4c(sc3n2)CCCC4)cc1,inactive,4.698970004336019
19,CHEMBL179113,CCCCOc1ccc(-c2nc(O)c3c4c(sc3n2)CCCC4)cc1,inactive,4.698970004336019
20,CHEMBL179187,COc1cc(-c2cc(Cl)c3c4c(sc3n2)CCCC4)cc(OC)c1OC,inactive,4.698970004336019
21,CHEMBL179920,Oc1nc(-c2ccc(Oc3ccccc3)cc2)nc2sc3c(c12)CCCC3,inactive,4.698970004336019
22,CHEMBL179155,COc1cc(-c2cc(OC)c3c4c(sc3n2)CCCC4)cc(OC)c1OC,inactive,4.698970004336019
23,CHEMBL178807,COc1cc(-c2nc(O)c3c4c(sc3n2)CCCCC4)cc(OC)c1OC,active,6.1249387366083
24,CHEMBL179087,COc1cc(-c2cc(N(C)C)c3c4c(sc3n2)CCCC4)cc(OC)c1OC,inactive,4.698970004336019
25,CHEMBL178995,COc1cc(-c2cc(Nc3ccccc3)c3c4c(sc3n2)CCCC4)cc(OC)c1OC,inactive,4.698970004336019
27,CHEMBL538355,COc1cc(-c2cc(-c3cccs3)c3c4c(sc3n2)CCCC4)cc(OC)c1OC,inactive,4.698970004336019
28,CHEMBL4226806,N#Cc1ccc2ncnc(NCCc3ccccc3)c2c1,active,6.1938200260161125
29,CHEMBL120077,COc1cc2c(cc1OC)-c1n[nH]c(Nc3cccc(F)c3)c1C2,inactive,4.246416941107094
30,CHEMBL210540,Cc1cc(-c2cnc(Nc3cnc(CN4CCN(C)CC4)cn3)s2)nc(OC2CCCCC2)n1,active,6.275724130399211
31,CHEMBL427045,Cc1cc(-c2cnc(Nc3ccccn3)s2)nc(OC2CCCCC2)n1,inactive,5.0
32,CHEMBL212049,Cc1cnc(OC2CCCCC2)nc1-c1cnc(Nc2ccccn2)s1,active,6.721246399047171
33,CHEMBL424696,c1ccc(Nc2ncc(-c3ccnc(OC4CCCCC4)n3)s2)nc1,active,7.698970004336019
35,CHEMBL374413,N#Cc1ccc2c(-c3cc4cc(CN5CCOCC5)ccc4[nH]3)n[nH]c2c1,active,7.958607314841775
36,CHEMBL220688,CC(=O)N1CCN(Cc2ccc3[nH]c(-c4n[nH]c5cc(C#N)ccc45)cc3c2)CC1,active,7.4089353929735005
38,CHEMBL374424,COc1cc(-c2ccc3c(-c4cc5cc(CN6CCCCC6)ccc5[nH]4)n[nH]c3c2)ccc1O,active,6.508638306165727
39,CHEMBL219789,NCc1nn[nH]c1-c1ccc2c(-c3cc4cc(CN5CCC(F)CC5)ccc4[nH]3)n[nH]c2c1,active,6.522878745280337
40,CHEMBL219788,OCc1nn[nH]c1-c1ccc2c(-c3cc4cc(CN5CCC(F)CC5)ccc4[nH]3)n[nH]c2c1,active,6.7447274948966935
41,CHEMBL374713,OCc1n[nH]nc1-c1ccc2c(-c3cc4cc(CN5CCCCC5)ccc4[nH]3)n[nH]c2c1,active,7.251811972993799
43,CHEMBL425290,c1cnn(-c2ccc3c(-c4cc5cc(CN6CCCCC6)ccc5[nH]4)n[nH]c3c2)n1,active,6.318758762624412
45,CHEMBL220947,Cc1cnnn1-c1ccc2c(-c3cc4cc(CN5CCCCC5)ccc4[nH]3)n[nH]c2c1,active,6.376750709602099
46,CHEMBL220946,c1cn(-c2ccc3c(-c4cc5cc(CN6CCCCC6)ccc5[nH]4)n[nH]c3c2)nn1,active,7.2441251443275085
48,CHEMBL415055,c1cc2[nH]c(-c3n[nH]c4cc(-c5cnsc5)ccc34)cc2cc1CN1CCCCC1,active,7.7447274948966935
49,CHEMBL221479,c1cc(-c2ccc3c(-c4cc5cc(CN6CCOCC6)ccc5[nH]4)n[nH]c3c2)[nH]n1,active,7.468521082957745
50,CHEMBL221428,c1cc2[nH]c(-c3n[nH]c4cc(-c5cn[nH]c5)ccc34)cc2cc1CN1CCOCC1,active,7.6020599913279625
51,CHEMBL374940,CN(C)C(=O)c1ccc2c(-c3cc4cc(CN5CCOCC5)ccc4[nH]3)n[nH]c2c1,inactive,4.0
54,CHEMBL514554,CS(=O)(=O)c1cccc(CNc2nc(Nc3ccc4c(c3)CCC(=O)N4)ncc2C(F)(F)F)c1,active,6.705533773838407
55,CHEMBL601719,C[C@@H](Oc1cc(-c2cnn(C3CCNCC3)c2)cnc1N)c1c(Cl)ccc(F)c1Cl,inactive,5.0
56,CHEMBL1094408,COc1ccc(N2CCN(C)CC2)cc1Nc1ncc2c(n1)-c1c(c(C(N)=O)nn1C)CC2,inactive,5.0
57,CHEMBL428690,CN1CC[C@H](c2c(O)cc(O)c3c(=O)cc(-c4ccccc4Cl)oc23)[C@H](O)C1,active,6.057991946977687
58,CHEMBL225519,O=C1NCCc2[nH]c(-c3ccncc3)cc21,inactive,5.0
61,CHEMBL2013059,Cc1ccc(-c2cnc(Nc3cccc(NCCCN)n3)s2)cn1,active,6.060480747381382
62,CHEMBL2013060,c1ccc(-c2cnc(Nc3cccc(N4CCNCC4)n3)s2)cc1,active,7.585026652029182
63,CHEMBL2013061,Cc1ccc(-c2cnc(Nc3cccc(N4CCNCC4)n3)s2)cn1,active,6.0
64,CHEMBL2011330,Cc1ccc(-c2cnc(Nc3cc(N4CCNCC4)ccn3)s2)cn1,inactive,4.698970004336019
65,CHEMBL2013062,c1ncc(-c2cnc(Nc3cc(N4CCNCC4)ccn3)s2)cn1,inactive,4.958607314841775
66,CHEMBL2013063,c1cc(Nc2ncc(-c3cncnc3)s2)nc(N2CCNCC2)c1,active,6.3872161432802645
67,CHEMBL2013064,Brc1cncc(-c2cnc(Nc3cc(N4CCNCC4)ccn3)s2)c1,active,6.318758762624412
68,CHEMBL2011349,c1cc(N2CCNCC2)cc(Nc2ncc(-c3cncc(-c4cn[nH]c4)c3)s2)n1,active,6.585026652029182
69,CHEMBL2011344,c1cncc(-c2cncc(-c3cnc(Nc4cc(N5CCOCC5)ccn4)s3)c2)c1,inactive,5.0
70,CHEMBL2011346,c1ncc(-c2cncc(-c3cnc(Nc4cc(N5CCOCC5)ccn4)s3)c2)cn1,inactive,5.0
71,CHEMBL2013065,c1cn(-c2cncc(-c3cnc(Nc4cc(N5CCOCC5)ccn4)s3)c2)nn1,inactive,5.0
73,CHEMBL2013067,c1cncc(-c2cncc(-c3cnc(Nc4cc(N5CCNCC5)ccn4)s3)c2)c1,inactive,5.0
74,CHEMBL2013068,O=C(O)c1cncc(-c2cnc(Nc3cc(N4CCNCC4)ccn3)s2)c1,inactive,5.0
76,CHEMBL2013158,Cc1ccc(NC(=O)c2cncc(-c3cnc(Nc4cc(N5CCOCC5)ccn4)s3)c2)s1,inactive,5.0
77,CHEMBL2013159,CNC(=O)c1cncc(-c2cnc(Nc3cc(N4CCOCC4)ccn3)s2)c1,inactive,5.0
78,CHEMBL2010809,NCCNC(=O)c1cncc(-c2cnc(Nc3cc(N4CCOCC4)ccn3)s2)c1,active,6.468521082957745
79,CHEMBL2011352,CS(=O)(=O)N1CCN(c2ccnc(Nc3ncc(-c4cncc(C(=O)NCCN)c4)s3)c2)CC1,active,6.769551078621726
80,CHEMBL2011353,CC(=O)N1CCN(c2ccnc(Nc3ncc(-c4cncc(C(=O)NCCN)c4)s3)c2)CC1,active,6.6777807052660805
81,CHEMBL2013160,NCCNC(=O)c1cncc(-c2cnc(Nc3cc(Cl)ccn3)s2)c1,active,6.026872146400302
82,CHEMBL2013161,NCCNC(=O)c1cncc(-c2cnc(Nc3ncccc3Cl)s2)c1,active,6.017728766960431
83,CHEMBL2013162,Cc1cccnc1Nc1ncc(-c2cncc(C(=O)NCCN)c2)s1,active,6.040958607678906
84,CHEMBL2013163,NCCNC(=O)c1cccc(-c2cnc(Nc3cc(N4CCC(F)(F)CC4)ccn3)s2)c1,active,6.795880017344075
85,CHEMBL2013164,NCCCCc1cncc(-c2cnc(Nc3cc(N4CCOCC4)ccn3)s2)c1,inactive,5.0
86,CHEMBL2013165,NCCNC(=O)c1cncc(-c2cnc(Nc3ccccc3Cl)s2)c1,inactive,5.0
87,CHEMBL2013166,O=C(NCCO)c1cncc(-c2cnc(Nc3cc(N4CCOCC4)ccn3)s2)c1,inactive,5.0
88,CHEMBL2013167,O=C(NCC(F)(F)F)c1cncc(-c2cnc(Nc3cc(N4CCOCC4)ccn3)s2)c1,active,6.151810883008602
90,CHEMBL2013169,NCNC(=O)c1cncc(-c2cnc(Nc3cc(N4CCC(F)CC4)ccn3)s2)c1,active,6.455931955649724
91,CHEMBL2013170,NCNC(=O)c1cncc(-c2cnc(Nc3cc(N4CCC(F)(F)CC4)ccn3)s2)c1,active,6.498940737782249
92,CHEMBL1171238,O=C(CBr)N(c1ccccc1)S(=O)(=O)c1cc(Cl)sc1Cl,inactive,4.698970004336019
93,CHEMBL2205766,CC(C)(C)NS(=O)(=O)c1cncc(-c2ccn3nc(N)nc3c2)c1,inactive,5.0
99,CHEMBL3426225,CCn1nc(C#Cc2cc(C(=O)Nc3ccc(CN4CCN(C)CC4)c(C(F)(F)F)c3)ccc2C)c2c(N)ncnc21,inactive,5.0
100,CHEMBL3603847,CN(C)C/C=C/C(=O)Nc1ccc(C(=O)Nc2cccc(Nc3ncc(Cl)c(-c4c[nH]c5ccccc45)n3)c2)cc1,active,8.494850021680094
102,CHEMBL3612482,Cc1ccc([N+](=O)[O-])cc1S(=O)(=O)N(C)/N=C/c1cnn2ccc(Cl)nc12,active,6.075204004202088
103,CHEMBL3612483,CN(/N=C/c1cnn2ccc(Cl)nc12)S(=O)(=O)c1ccccc1,inactive,5.0
104,CHEMBL3612484,Cc1ccccc1S(=O)(=O)N(C)/N=C/c1cnn2ccc(Cl)nc12,inactive,5.0
106,CHEMBL3612486,Cc1cccc(S(=O)(=O)N(C)/N=C/c2cnn3ccc(Cl)nc23)c1,inactive,5.0
107,CHEMBL3612487,COc1cccc(S(=O)(=O)N(C)/N=C/c2cnn3ccc(Cl)nc23)c1,inactive,5.0
108,CHEMBL3612488,CN(/N=C/c1cnn2ccc(Cl)nc12)S(=O)(=O)c1cccc(OC(F)(F)F)c1,inactive,5.0
109,CHEMBL3612489,CN(/N=C/c1cnn2ccc(Cl)nc12)S(=O)(=O)c1cccc(C#N)c1,inactive,5.0
111,CHEMBL3612491,CN(/N=C/c1cnn2ccc(Cl)nc12)S(=O)(=O)c1ccc([N+](=O)[O-])cc1,inactive,5.0
112,CHEMBL3612492,CN(/N=C/c1cnn2ccc(Cl)nc12)S(=O)(=O)c1ccc(F)cc1,inactive,5.0
114,CHEMBL3612494,CN(/N=C/c1cnn2ccc(Cl)nc12)S(=O)(=O)c1cccnc1,inactive,5.0
115,CHEMBL3612495,CN(/N=C/c1cnn2ccc(Cl)nc12)S(=O)(=O)c1ccc[n+]([O-])c1,inactive,5.0
116,CHEMBL3612496,Cc1ccc(Br)cc1S(=O)(=O)N(C)/N=C/c1cnn2ccc(Cl)nc12,inactive,5.0
117,CHEMBL3612497,Cc1ccc(C(=O)O)cc1S(=O)(=O)N(C)/N=C/c1cnn2ccc(Cl)nc12,inactive,5.0
125,CHEMBL3612504,COc1ccc(-c2ccn3ncc(/C=N/N(C)S(=O)(=O)c4cc([N+](=O)[O-])ccc4C)c3n2)cc1OC,inactive,5.0
126,CHEMBL3612505,Cc1ccc([N+](=O)[O-])cc1S(=O)(=O)N(C)/N=C/c1cnn2ccc(-c3cccnc3)nc12,inactive,5.0
127,CHEMBL3612506,COc1ccc(-c2ccn3ncc(/C=N/N(C)S(=O)(=O)c4cc([N+](=O)[O-])ccc4C)c3n2)cn1,inactive,5.0
134,CHEMBL3612513,Cc1ccc(C#N)cc1S(=O)(=O)N(C)CCc1cnn2ccc(Cl)nc12,inactive,5.0
138,CHEMBL3623375,CN(C)CCCNC(=O)c1csc2nc(-c3ccc(NC(=O)Nc4cc(C(C)(C)C)on4)cc3)cn12,inactive,5.0
141,CHEMBL1922218,CC[C@@H](Nc1nc(NCc2cccnc2)c2ncn(C(C)C)c2n1)[C@H](C)O,active,6.301029995663981
150,CHEMBL189963,CC(=O)c1c(C)c2cnc(Nc3ccc(N4CCNCC4)cn3)nc2n(C2CCCC2)c1=O,inactive,5.0
151,CHEMBL1801932,CC(C)c1cnn2c(NCc3ccccc3)cc(NCCCCCCN)nc12,active,6.872895201635193
153,CHEMBL3823659,CC(=O)N1CCC(n2cc(Nc3ncc(Cl)c(-c4cnc5ccccn45)n3)cn2)CC1,active,7.6777807052660805
154,CHEMBL3823030,Cc1nn(C2CCN(C(=O)[C@@H](C)O)CC2)c(C)c1Nc1ncc(Cl)c(-c2cnn3ccccc23)n1,active,6.522878745280337
156,CHEMBL4078893,FC(F)(F)CNc1nc(Nc2ccc(N3CCOCC3)c(Cl)c2)nc2ccoc12,inactive,5.0
157,CHEMBL4066664,FC(F)(F)CNc1nc(Nc2ccc3cn[nH]c3c2)nc2ccoc12,inactive,5.0
158,CHEMBL4069365,CC1(C)OCC(=O)Nc2cc(Nc3nc(NCC(F)(F)F)c4occc4n3)ccc21,inactive,5.0
159,CHEMBL4062803,Cc1n[nH]c2cc(Nc3nc(NC4CC4)c4occc4n3)ccc12,inactive,5.0
161,CHEMBL4582624,COC(=O)N1CCN([C@H]2CC[C@H](Nc3nc(Nc4cnn(C)c4)nc4ccc(CC#N)nc34)CC2)CC1,inactive,4.769551078621726
163,CHEMBL4579344,Cc1cc(C)c(CNc2nc(N[C@@H](C)[C@@H](C)O)nc3c2ncn3C(C)C)cn1,active,6.714442690992226
164,CHEMBL14762,CC[C@H](CO)Nc1nc(NCc2ccccc2)c2ncn(C(C)C)c2n1,active,6.096910013008056
165,CHEMBL3301610,CCN1CCN(Cc2ccc(Nc3ncc(F)c(-c4cc(F)c5nc(C)n(C(C)C)c5c4)n3)nc2)CC1,active,6.522878745280337
166,CHEMBL296468,CC(C)(C)c1cnc(CSc2cnc(NC(=O)C3CCNCC3)s2)o1,active,7.2076083105017466
167,CHEMBL4297488,CC(C)c1cnn2c(NCc3ccccc3)cc(NC[C@H]3CCNC[C@@H]3O)nc12,active,6.0338582672609675
168,CHEMBL4454044,CC(C)c1cnn2c(NCc3ccccc3N(C)C)nc(OC3CCN(C)CC3)nc12,active,8.301029995663981
169,CHEMBL4562323,CC(C)c1cnn2c(NCc3ccccc3-n3cccn3)nc(OC3CCCNC3)nc12,active,9.886056647693163
170,CHEMBL4552441,CC(C)c1cnn2c(NCc3cccc4[nH]ncc34)nc(OC3CCCNC3)nc12,active,8.301029995663981
171,CHEMBL4440386,CC(C)c1cnn2c(NCc3cccc4c3cnn4C)nc(OC3CCCNC3)nc12,active,8.301029995663981
172,CHEMBL4555799,Clc1cnc(N[C@H]2CCCNC2)nc1-c1c[nH]c2ccccc12,active,7.698970004336019
173,CHEMBL4533453,Clc1cnc(N[C@@H]2CCCNC2)nc1-c1c[nH]c2ccccc12,active,7.698970004336019
174,CHEMBL4474655,FC(F)(F)c1cnc(N[C@H]2CCCNC2)nc1-c1n[nH]c2ccccc12,active,7.698970004336019
175,CHEMBL4465061,Clc1cnc(NC2CCCCC2)nc1-c1c[nH]c2cccnc12,active,7.698970004336019
176,CHEMBL4303287,CN(C)C/C=C/C(=O)Nc1cccc(C(=O)Nc2cccc(Nc3ncc(Cl)c(-c4c[nH]c5ccccc45)n3)c2)c1,active,7.568636235841013
177,CHEMBL4303279,CN(C)CCCC(=O)Nc1ccc(C(=O)Nc2cccc(Nc3ncc(Cl)c(-c4c[nH]c5ccccc45)n3)c2)cc1,active,6.7121982700697735
178,CHEMBL4468921,CN(C)C/C=C/C(=O)Nc1ccc(C(=O)N[C@H]2CCC[C@@](C)(Nc3ncc(Cl)c(-c4c[nH]c5ccccc45)n3)C2)nc1,active,6.698970004336019
179,CHEMBL4434871,C=CC(=O)Nc1ccc(C(=O)Nc2cccc(Nc3n[nH]c4c3CN(C(=O)N[C@H](CN(C)C)c3ccccc3)C4(C)C)c2)cc1,active,7.698970004336019
180,CHEMBL4467048,C=CC(=O)Nc1ccc(C(=O)Nc2ccc(Nc3n[nH]c4c3CN(C(=O)N[C@H](CN(C)C)c3ccccc3)C4(C)C)cc2)cc1,active,7.0
181,CHEMBL4450322,C=CC(=O)Nc1ccc(C(=O)Nc2[nH]nc3c2CN(C(=O)N[C@H](CN(C)C)c2ccccc2)C3(C)C)cc1,active,7.0
182,CHEMBL1234833,CC(C)c1cnn2c(NCc3ccccc3)cc(N[C@@H](CO)[C@H](O)CO)nc12,active,6.6020599913279625
183,CHEMBL4569508,O=C(NCC(F)(F)F)c1cc(-c2cnn3cc(-c4ccc(OCCN5CCCCC5)cc4)cnc23)cs1,active,7.522878745280337
184,CHEMBL4550702,Cn1cc(-c2cnc3c(-c4csc(C(=O)NCC(F)(F)F)c4)cnn3c2)cn1,active,7.275724130399211
185,CHEMBL4568087,Cn1cc(-c2cnc3c(-c4csc(C(=O)N[C@@H]5CCCC[C@@H]5N)c4)cnn3c2)cn1,active,8.387216143280265
186,CHEMBL4552628,Cc1sc(C(=O)N[C@@H]2[C@H](N)CCCC2(F)F)cc1-c1cnn2cc(Cl)cnc12,active,8.0
187,CHEMBL4636757,CC[C@H](CO)Nc1cc(NCc2ccccc2)n2ncc(C(C)C)c2n1,active,7.154901959985743
188,CHEMBL4638833,CC(C)c1cnn2c(NCc3ccccc3F)cc(NCCCCCCN)nc12,active,6.0
189,CHEMBL4649721,CC(C)c1cnn2c(NCc3ccccc3)cc(N[C@H](CO)CCCCCCc3cncnc3)nc12,active,7.698970004336019
190,CHEMBL4637408,CC(C)c1cnn2c(NCc3ccccc3)cc(N[C@H]3CNC[C@H]3O)nc12,active,7.568636235841013
191,CHEMBL4519886,CC(C)c1cnn2c(NCc3ccccc3)cc(NCC3CCNCC3)nc12,active,6.508638306165727
192,CHEMBL4472515,CC(C)c1cnn2c(NCc3ccccc3)cc(NC[C@H]3CCCC[C@@H]3O)nc12,active,6.16304326294045
193,CHEMBL4637421,CC(C)c1cnn2c(NCc3ccccc3)cc(NCCCCCCCN)nc12,active,6.184422251675732
194,CHEMBL4639779,CC(C)c1cnn2c(NCc3ccccc3F)cc(NCCCCCCCN)nc12,active,7.568636235841013
195,CHEMBL4646646,CC(C)c1cnn2c(NCc3ccccc3)cc(N[C@@H](CO)CCCCCN)nc12,active,6.494850021680094
196,CHEMBL4633156,CC(C)c1cnn2c(NCc3ccccc3F)cc(N[C@@H](CO)CCCCCN)nc12,active,7.221848749616356
197,CHEMBL4635439,CC(C)c1cnn2c(NCc3ccccc3)cc(NC[C@@H]3C[C@@H](O)CN3)nc12,active,7.229147988357855
198,CHEMBL4632793,CO[C@H]1CN[C@H](CNc2cc(NCc3ccccc3)n3ncc(C(C)C)c3n2)C1,active,6.0
199,CHEMBL4646538,CC(C)c1cnn2c(NCc3ccccc3)cc(N[C@@H]3CCNC[C@H]3O)nc12,active,6.0
200,CHEMBL4643708,CC(C)c1cnn2c(NCc3ccccc3)cc(N[C@]3(O)CCNC[C@H]3O)nc12,active,7.7447274948966935
201,CHEMBL4644434,CC(C)c1cnn2c(NCc3ccccc3)cc(N[C@@H](CO)[C@@H](O)CO)nc12,active,6.6020599913279625
202,CHEMBL4648392,C=CC(=O)Nc1ccc(C(=O)Nc2cc3cc(c2)Nc2nccc(n2)-c2cccc(c2)OCC/C=C/CN(C)C3)cc1,active,7.823908740944319
203,CHEMBL4635959,Cc1cc(NC2CCN(C(=O)O[C@H]3CCN(C(=O)/C=C/CN(C)C)C3)CC2)n2ncc(C(C)C)c2n1,active,6.8297382846050425
204,CHEMBL4644572,CC(C)c1cnn2c(NCc3ccccc3-n3cccn3)nc(O[C@H]3CCCNC3)nc12,active,8.301029995663981
205,CHEMBL4163879,CN(C)C/C=C/C(=O)Nc1ccc(C(=O)N2CCC[C@@H](Nc3ncc(Cl)c(-c4c[nH]c5ccccc45)n3)C2)cc1,active,6.801342913045577
206,CHEMBL4649135,CCn1cnc2c(NCc3nc4ccc(F)c(F)c4[nH]3)nc(N3CCCC[C@H]3CCO)nc21,inactive,4.552841968657781
209,CHEMBL4747992,NC(=O)c1sc(-c2ccnc(NC(=O)C3CC3)c2)nc1OCCCC1CCN(Cc2ccc(F)cc2)CC1,active,6.522878745280337
210,CHEMBL4094562,C#Cc1nc(Nc2ccccc2)nc2[nH]cnc12,inactive,4.115204636051019
211,CHEMBL4074015,C#Cc1nc(Nc2ccc(S(N)(=O)=O)cc2)nc2[nH]cnc12,inactive,4.442492798094342
212,CHEMBL4741442,C[C@H](CO)Nc1nc(Nc2ccc(S(N)(=O)=O)cc2)ncc1Br,active,7.070581074285707
213,CHEMBL4442620,C[C@@H](O)[C@@H](C)Oc1nc(Nc2ccc(S(=N)(=O)C3CC3)cc2)ncc1C(F)(F)F,active,7.6020599913279625
215,CHEMBL4764173,CC[C@H](Nc1nc(NCc2ccccc2)c2ncn(C(C)C)c2n1)[C@@H](C)O,active,6.714442690992226
216,CHEMBL1944698,CN1C/C=C/CCOc2cccc(c2)-c2ccnc(n2)Nc2cccc(c2)C1,active,7.431798275933005
219,CHEMBL4777981,COc1ccc(F)cc1-c1c(F)cnc2[nH]c(C3=CCN([C@H]4CC[C@H](C(=O)O)CC4)CC3)cc12,active,6.494850021680094
220,CHEMBL4777761,C=CC(=O)Nc1cccc(C(=O)Nc2ncc(N3CCOCC3)s2)c1,inactive,5.0
221,CHEMBL4790868,C=CC(=O)Nc1cccc(C(=O)Nc2ncc(N3CCN(C)CC3)s2)c1,inactive,5.0
222,CHEMBL4749580,C=CC(=O)Nc1cccc(C(=O)Nc2ncc(N3CCN(CC)CC3)s2)c1,inactive,5.0
223,CHEMBL4763994,C=CC(=O)Nc1cccc(C(=O)Nc2ncc(N3CCN(C(=O)OC(C)(C)C)CC3)s2)c1,inactive,5.0
224,CHEMBL4743840,C=CC(=O)Nc1cccc(C(=O)Nc2ncc(N3CCC(N(C)C)CC3)s2)c1,inactive,5.0
225,CHEMBL4781539,C=CC(=O)Nc1ccc(C(=O)N2CCCC(Nc3ncc(SCc4ncc(C(C)(C)C)o4)s3)C2)cc1,active,6.460923901207224
228,CHEMBL4746993,C=CC(=O)Nc1ccc(C(=O)N2CCCC(Nc3ncc(SCc4ncc(C(C)(C)C)o4)s3)C2)c(OC)c1,inactive,5.0
230,CHEMBL4763202,C=CC(=O)Nc1ccc(C(=O)N2CCCC(Nc3ncc(CNc4cc(C(F)(F)F)c(Cl)cn4)s3)C2)cc1,inactive,5.0
232,CHEMBL4794338,C=CC(=O)Nc1ccc(C(=O)N2CCCC(Nc3ncc(CCc4ncc(C(C)(C)C)o4)s3)C2)cc1,inactive,5.0
233,CHEMBL4764719,C=CC(=O)Nc1ccc(C(=O)N2CCCC(Nc3ncc(COCc4ncc(C(C)(C)C)o4)s3)C2)cc1,inactive,5.0
235,CHEMBL4756935,C=CC(=O)Nc1ccc(S(=O)(=O)N2CCCC(Nc3ncc(SCc4ncc(C(C)(C)C)o4)s3)C2)cc1,active,6.649751981665837
236,CHEMBL4786324,C=CC(=O)Nc1ccc([S+]([O-])N2CCCC(Nc3ncc(SCc4cccnc4)s3)C2)cc1,active,6.0
238,CHEMBL4789917,C=CC(=O)Nc1ccc(C(=O)N2CCCC(Nc3ncc(SCc4cnc(C(F)(F)F)nc4)s3)C2)cc1,active,6.0
239,CHEMBL4744627,C=CC(=O)N1CCc2cc(S(=O)(=O)N3CCCC(Nc4ncc(SCc5ncc(C(C)(C)C)o5)s4)C3)ccc21,active,6.349692476868063
240,CHEMBL4752238,C=CC(=O)Nc1ccc(O[C@@H]2CCC[C@@H](Nc3ncc(SCc4ncc(C(C)(C)C)o4)s3)C2)c(C(F)(F)F)c1,active,6.302770657240282
241,CHEMBL4643754,C=CC(=O)Nc1ccc(C(=O)N2CCC[C@@H](Nc3ncc(SCC4CCOCC4)s3)C2)cc1,active,6.0
242,CHEMBL4797288,C=CC(=O)Nc1ccc(C(=O)N2CCC[C@@H](Nc3ncc(SCc4cncnc4)s3)C2)cc1,active,6.0
243,CHEMBL4758168,CN(C)C/C=C/C(=O)Nc1ccc(C(=O)N2CC[C@@H](Nc3ncc(SCc4ncc(C(C)(C)C)o4)s3)C2)cc1,active,6.638272163982407
244,CHEMBL4777844,CN(C)C/C=C/C(=O)N1CCC(C(=O)Nc2ncc(SCc3ncc(C(C)(C)C)o3)s2)CC1,active,6.87942606879415
245,CHEMBL4641226,C=CC(=O)N1CCC(C(=O)Nc2ncc(SCc3ncc(C(C)(C)C)o3)s2)CC1,active,6.34008379993015
246,CHEMBL4753717,CN(C)CC/C=C/C(=O)Nc1ccc(C(=O)N2CCCC(C(=O)Nc3ncc(SCc4ncc(C(C)(C)C)o4)s3)C2)cc1,active,7.0835460514500745
247,CHEMBL4644893,C=CC(=O)Nc1ccc(C(=O)N2CCCC(C(=O)Nc3ncc(SCc4ncc(C(C)(C)C)o4)s3)C2)cc1,active,7.00436480540245
249,CHEMBL4786429,CN(C)C/C=C/C(=O)Nc1cccc(C(=O)Nc2ncc(SCc3ncc(C(C)(C)C)o3)s2)c1,active,6.645891560852599
250,CHEMBL4756353,CN(C)C/C=C/C(=O)Nc1ccc(C(=O)Nc2ncc(SCc3ncc(C(C)(C)C)o3)s2)cc1,active,7.27083521030723
252,CHEMBL4752989,CN(C)C/C=C/C(=O)Nc1cccc(C(=O)N2CCCC(Nc3ncc(SCc4ncc(C(C)(C)C)o4)s3)C2)c1,active,6.2549252084179425
253,CHEMBL4761637,C=CC(=O)Nc1ccc(C(=O)Nc2cccc(C(=O)Nc3ncc(SCc4ncc(C(C)(C)C)o4)s3)c2)cc1,active,6.505845405981558
255,CHEMBL4744850,CN(C)C/C=C/C(=O)Nc1ccc(S(=O)(=O)N2CCCC(Nc3ncc(SCc4ncc(C(C)(C)C)o4)s3)C2)cc1,active,6.801342913045577
256,CHEMBL4788136,C=CC(=O)Nc1ccc(C(=O)N2CC[C@@H](Nc3ncc(SCc4ncc(C(C)(C)C)o4)s3)C2)cc1,active,6.616184634019569
257,CHEMBL4750818,C=CC(=O)Nc1ccc(-c2ccc(C(C)C(=O)Nc3cc(C4CC4)[nH]n3)cc2)cc1,inactive,4.943095148663527
258,CHEMBL4759298,C=CC(=O)NCc1ccc(-c2ccc(C(C)C(=O)Nc3cc(C4CC4)[nH]n3)cn2)cn1,inactive,5.0
262,CHEMBL4744778,CC(C(=O)Nc1cc(C2CC2)[nH]n1)c1ccc(-c2ccc(NC(=O)/C=C/CN3CCOCC3)cc2)cc1,inactive,5.0
269,CHEMBL4759113,C=CC(=O)NCc1ccc(C(C)C(=O)Nc2cc(C3CC3)[nH]n2)cc1,inactive,5.0
273,CHEMBL4799698,C=CC(=O)N1CC=C(c2ccc(C(C(=O)Nc3cc(C4CC4)[nH]n3)C(C)C)cc2)CC1,active,6.295849483160201
275,CHEMBL4790458,C=CC(=O)N1CC=C(c2ccc(C(C(=O)Nc3cc(C4CC4)[nH]n3)C(C)C)cn2)CC1,active,6.128427064454121
279,CHEMBL4790705,C=CC(=O)N1CCC(c2ccc(C(C)C(=O)Nc3cc(C4CC4)[nH]n3)cn2)CC1,inactive,5.0
280,CHEMBL4787409,C[C@H](C(=O)Nc1cc(C2CC2)[nH]n1)c1ccc(C2=CCN(C(=O)/C=C/CN(C)C)CC2)cc1,active,6.20690839982342
283,CHEMBL4781207,C=CC(=O)N1CCC=C(c2ccc(C(C)C(=O)Nc3cc(C4CC4)[nH]n3)cn2)C1,active,6.815308569182402
286,CHEMBL4783704,C=CC(=O)N1CCC=C(c2ccc(C(C)C(=O)Nc3cc(C4CC4)[nH]n3)cc2F)C1,active,6.356547323513812
287,CHEMBL4792293,C=CC(=O)N1CC=C(c2ccc(C(C)C(=O)Nc3cc(C4CC4)[nH]n3)cc2F)CC1,active,6.055517327849832
289,CHEMBL4784656,C#CC(=O)N1CC=C(c2ccc(C(C)C(=O)Nc3cc(C4CC4)[nH]n3)cn2)CC1,active,7.920818753952375
293,CHEMBL4792974,O=C(Nc1ccc2c(c1)Oc1ncccc1C(=O)N2c1ccncc1)Nc1ccc(Cl)c(C(F)(F)F)c1,inactive,5.0
294,CHEMBL4855542,Nc1ncc(-c2cccc3ncsc23)cc1-c1ccc2c(c1)CCNC2=O,inactive,4.482804102050026
295,CHEMBL4860979,CN(C1CC1)S(=O)(=O)c1ccc(-c2cnc(N)c(-c3ccc4c(c3)CCNC4=O)c2)c(F)c1,inactive,4.910094888560602
296,CHEMBL4867931,COc1cc(NS(=O)(=O)C2CC2)ccc1-c1cnc(N)c(-c2ccc3c(c2)CCNC3=O)c1,inactive,4.7121982700697735
297,CHEMBL4855730,Nc1ncc(-c2ccc(NS(=O)(=O)C3CC3)cc2F)cc1-c1ccc2c(c1)CCNC2=O,inactive,4.7594507517174005
298,CHEMBL4868141,Nc1ncc(-c2ccc(NS(=O)(=O)C3CC3)cc2OC2CCCCC2)cc1-c1ccc2c(c1)CCNC2=O,inactive,4.52432881167557
299,CHEMBL4859660,Nc1ncc(-c2cccc([N+](=O)[O-])c2F)cc1-c1ccc2c(c1)CCNC2=O,inactive,4.106793246940152
300,CHEMBL4855785,Cc1n[nH]c2ccc(-c3cncc(NC(CO)c4ccccc4)n3)cc12,active,6.0
301,CHEMBL4856767,Cc1n[nH]c2ccc(-c3cncc(N[C@@H](CO)c4ccccc4)n3)cc12,active,6.0
302,CHEMBL4860265,Cc1n[nH]c2ccc(-c3cncc(N[C@@H](CO)c4ccc(F)cc4)n3)cc12,active,6.0
303,CHEMBL4872952,Cc1n[nH]c2ccc(-c3cncc(N[C@@H](CO)c4cccc(F)c4)n3)cc12,active,6.3041682271733075
304,CHEMBL4863726,Cc1n[nH]c2ccc(-c3cncc(NC4CCCC(O)C4)n3)cc12,active,6.491941864317635
305,CHEMBL4857229,Cc1n[nH]c2ncc(-c3cc(N[C@@H](CO)c4ccccc4)cnc3Cl)cc12,active,6.0
306,CHEMBL4876497,Cc1n[nH]c2ccc(-c3cc(N[C@@H](CO)c4ccccc4)cnc3Cl)cc12,active,6.0
307,CHEMBL4786559,COC[C@H](C)N[C@H]1CC[C@H](Nc2cc(-c3cccc(NCC4(C#N)CCOCC4)n3)c(Cl)cn2)CC1,active,6.0
308,CHEMBL4088216,CN1C(=O)[C@@H](N2CCc3cn(Cc4ccccc4)nc3C2=O)COc2ccccc21,active,6.0
309,CHEMBL4549667,CN1C(=O)[C@@H](N2CCc3c(nn(Cc4ccccc4)c3Br)C2=O)COc2ccccc21,active,6.0
310,CHEMBL4097778,CN1C(=O)[C@@H](N2CCc3cn(CC4CCS(=O)(=O)CC4)nc3C2=O)COc2ccccc21,active,6.0
